Deepseek_Coder_1_3B_SFT_Code_Gen.zip,https://drive.google.com/file/d/10hFIQFFpSI5A1yseqxtYAE2Lp315etSQ/view?usp=sharing
Deepseek_Coder_1_3B_SFT_Code_Sum.zip,https://drive.google.com/file/d/1_HQVp2Kmvgt4VMLnjepiljsv9ElRDjm9/view?usp=sharing
Deepseek_Coder_1_3B_SFT_Data_Mix.zip,https://drive.google.com/file/d/1I9ZmrPVOEjS8sPZK97TxSpzhaGS9pcGm/view?usp=sharing
Deepseek_Coder_1_3B_Merge_Linear.zip,https://drive.google.com/file/d/1tPckbH6ODstnU7FLLrsKM4gYW0yqCRbx/view?usp=sharing
Deepseek_Coder_1_3B_Merge_TIES.zip,https://drive.google.com/file/d/1862tdeIyxKwpjIPj72J__ASLYIfj2wsF/view?usp=sharing
Deepseek_Coder_1_3B_Merge_DARE.zip,https://drive.google.com/file/d/1K-OmZzQswPurmWnJ4CBhveiDrOwPmn8q/view?usp=sharing
Deepseek_Coder_1_3B_Merge_DELLA.zip,https://drive.google.com/file/d/1Bgd3G4umnywJD-dWxMqSz2iXd2af5ct_/view?usp=sharing
Deepseek_Coder_7B_SFT_Code_Gen.zip,https://drive.google.com/file/d/1VS8e2-s2tepUXsKcodrKK3bG6ZY4EJXz/view?usp=sharing
Deepseek_Coder_7B_SFT_Code_Sum.zip,https://drive.google.com/file/d/1DgWRabLdDvr5zPmQIsC00ZEqWha4wOVd/view?usp=sharing
Deepseek_Coder_7B_SFT_Data_Mix.zip,https://drive.google.com/file/d/1Z5IxWeaH4lSmdfDH84daO6hzvsDHuZYB/view?usp=sharing
Deepseek_Coder_7B_Merge_Linear.zip,https://drive.google.com/file/d/1owHqhi628Qw_ZNCyBbRSmnYdQdwO-Lgb/view?usp=sharing
Deepseek_Coder_7B_Merge_TIES.zip,https://drive.google.com/file/d/1Q6nuoooZfwdVOayJAZC_zRFctQp1VIA2/view?usp=sharing
Deepseek_Coder_7B_Merge_DARE.zip,https://drive.google.com/file/d/1Tvl6jjln5N6WzIyO6waJ0pZtbTYBCWk9/view?usp=sharing
Deepseek_Coder_7B_Merge_DELLA.zip,https://drive.google.com/file/d/18lZ17FQQ3Lu5A6sKt6TXbtiB0lAM4IW3/view?usp=sharing
Qwen25_Coder_1_5B_SFT_Code_Gen.zip,https://drive.google.com/file/d/1uDgnTBNT7FSvADD8lxurfArKSB-KIWpI/view?usp=sharing
Qwen25_Coder_1_5B_SFT_Code_Sum.zip,https://drive.google.com/file/d/1KNQr5ZOIXZh1_0YfL20sxrlwGU9UTLDT/view?usp=sharing
Qwen25_Coder_1_5B_SFT_Data_Mix.zip,https://drive.google.com/file/d/1tdNeIjJAGSncXjS4DLItoWE8mq7Nh_lu/view?usp=sharing
Qwen25_Coder_1_5B_Merge_Linear.zip,https://drive.google.com/file/d/1Z0sUHlSCtau5I_uLLLWNdMhazaqjC9LA/view?usp=sharing
Qwen25_Coder_1_5B_Merge_TIES.zip,https://drive.google.com/file/d/1Q7WT6_qUx8LnTtJnSbVWaI3qHhS2587O/view?usp=sharing
Qwen25_Coder_1_5B_Merge_DARE.zip,https://drive.google.com/file/d/1-_kme-izbx38TG-gZo4sgh_JOWbfzJPg/view?usp=sharing
Qwen25_Coder_1_5B_Merge_DELLA.zip,https://drive.google.com/file/d/1sIBThcqvL6XPGf7zH0id6F2EEGPi8X8u/view?usp=sharing
Qwen25_Coder_7B_SFT_Code_Gen.zip,https://drive.google.com/file/d/1UlSHoMD9dOYp1DR-TAkPUoyRF_86EbiG/view?usp=sharing
Qwen25_Coder_7B_SFT_Code_Sum.zip,https://drive.google.com/file/d/1iD7gmMJ4E3nwyLQCuYoFAJ1p-_sHL2cA/view?usp=sharing
Qwen25_Coder_7B_SFT_Data_Mix.zip,https://drive.google.com/file/d/1OO-AISZpk2mcRGbqodogkk96GPxkvzv9/view?usp=sharing
Qwen25_Coder_7B_Merge_Linear.zip,https://drive.google.com/file/d/11fxKtO38iQLIRsaVCHtSaAq92qydxxkd/view?usp=sharing
Qwen25_Coder_7B_Merge_TIES.zip,https://drive.google.com/file/d/1vwlZolhHBBg7wckowoHMMuwHXVKTDJ0p/view?usp=sharing
Qwen25_Coder_7B_Merge_DARE.zip,https://drive.google.com/file/d/1F-pBABIKsQGh9XiVwure41zr2Y5UPiBq/view?usp=sharing
Qwen25_Coder_7B_Merge_DELLA.zip,https://drive.google.com/file/d/15JfabTbzbCLjzUjkB70lyLdHhaAn_Fru/view?usp=sharing
